Date,Clones,Views
2025-11-19,1,0
2025-11-20,0,1
2025-11-21,0,3
2025-11-24,0,1
2025-11-25,0,2
2025-11-26,0,3
2025-11-27,0,1
2025-11-28,0,1
2025-11-30,0,6
2025-12-01,54,65
2025-12-02,103,1
2025-12-03,45,0
2025-12-04,3,0
2025-12-05,2,1
2025-12-06,5,2
2025-12-07,0,4
2025-12-08,0,2
2025-12-09,2,1
2025-12-10,3,2
2025-12-11,4,2
2025-12-12,4,1
2025-12-13,4,2
2025-12-14,5,0
2025-12-15,9,0
2025-12-16,6,1
2025-12-17,10,0
2025-12-18,4,1
2025-12-19,5,8
2025-12-20,10,0
2025-12-21,6,1
2025-12-22,10,52
2025-12-23,5,4
2025-12-24,5,1
2025-12-25,6,0
2025-12-26,5,0
2025-12-27,6,0
2025-12-28,9,1
2025-12-29,9,0
2025-12-30,8,0
2025-12-31,6,0
2026-01-01,7,0
2026-01-02,7,0
2026-01-03,6,0
2026-01-04,10,3
2026-01-05,8,6
2026-01-06,7,23
2026-01-07,3,1
2026-01-08,8,23
2026-01-09,8,0
2026-01-10,7,0
2026-01-11,10,1
2026-01-12,4,2
2026-01-13,10,0
2026-01-14,2,0
2026-01-15,2,2
2026-01-16,5,0
2026-01-17,6,0
2026-01-18,6,0
2026-01-19,10,0
2026-01-20,10,0
2026-01-21,6,0
2026-01-22,10,3
2026-01-23,13,0
2026-01-24,13,0
2026-01-25,14,1
2026-01-26,10,18
2026-01-27,12,1
2026-01-28,9,0
2026-01-29,14,1
2026-01-30,9,4
2026-01-31,8,0
2026-02-01,14,0
2026-02-02,16,1
